{
  "best_distance": 567.933487319842,
  "running_time": 8.461102485656738,
  "convergence_iteration": 2,
  "first_iteration_distance": 611.9933207187389,
  "last_decrease_iteration": 7,
  "total_decrease_count": 3
}